"Tilda UID";Brand;SKU;Mark;Category;Title;Description;Text;Photo;Price;Quantity;"Price Old";Editions;Modifications;"External ID";"Parent UID";Characteristics:Цвет;Weight;Length;Width;Height
601323043912;;3;;Картины;"Бегония Мокка Голд";40х80;"<a href=""https://nolim.cc/my-button-net-v-nalichii?utm_source=youtube&amp;utm_medium=social&amp;utm_content=my-button-net-v-nalichii"" target=""_blank"" rel=""noreferrer noopener"">Конструктор в интерьерах </a>";https://static.tildacdn.com/stor3363-3934-4236-a331-643331616133/e89573b5e354546258330f7d12d030b6.webp;0;1;;;;DOCfsvRCbhjE3gPgo0jc;;Бежевый;0;0;0;0
782957961992;;9;;Картины;"Новые фрески альтамира";60х30;Очень;https://static.tildacdn.com/stor3033-3463-4666-b734-396165353736/463c467be3e5a44895a52dbd2029ee26.webp;0;0;;;;I3ySGDosOtxv5CkfTZiX;;"Оранжевый;Белый";0;0;0;0
487414354702;;10;;Картины;"Танец белого мотылька";40х50;Очень;https://static.tildacdn.com/stor6462-3361-4062-b033-313339623133/19c0ceb4855e245049487830a473d676.webp;0;1;;;;8NTFO7PUeSzmv9Tfl7cd;;"Бежевый;Синий";0;0;0;0
302678199962;;12;;Картины;"Червонец фиолетовый";40х40;Очень;https://static.tildacdn.com/stor3530-6562-4330-b435-336135356364/915fdc3ff0d66d4fd4581d49d47c975c.jpg;0;1;;;;XDerMevNYP8shm6KxizA;;Фиолетовый;0;0;0;0
790601565522;;13;;Картины;"Огни ночного города";20х20;Очень;https://static.tildacdn.com/stor3663-3738-4437-a432-323235333136/d98e717bbd899cf35c76f700f8769d3b.webp;2000.00;1;;;;UBxkyEaphHi5I7HiuoFM;;Красный;0;0;0;0
934640369652;;14;;Картины;"Cueva del polvo";30х30;Очень;https://static.tildacdn.com/stor6534-3366-4433-b035-376337626635/50edba7beaeb29299ca9d6f083e2b7db.webp;0;1;;;;6AKUbUNj5P1lrBS1rDv9;;Красный;0;0;0;0
874441114192;;29;;Картины;"Magma de Los Gigantes";19x33;Очень;https://static.tildacdn.com/stor6434-3062-4335-b864-346236336238/2878e7ec5851742fa18f77a1194c8f92.webp;0;0;;;;meDDndgZXNRglTuCGD4i;;Оранжевый;0;0;0;0
675452019942;;39;;Картины;"Черный сапфир";40х40;Очень;https://static.tildacdn.com/stor6533-3533-4163-b861-313830623333/040f1f768c5938f191db54942b8e9e31.webp;150000.00;1;;;;AZydENcgU3j4ipL8V8yy;;Черный;0;0;0;0
164970164142;;46;;Картины;"Птицы. Очень гадкий утёнок";А4;Очень;https://static.tildacdn.com/stor3166-3737-4939-b364-373963346461/505084edad43c31799f66c7066c2c0df.webp;2000.00;1;;;;SVjFXt2rUZmJbCF3UYlL;;"Черный;Красный";0;0;0;0
536293101552;;50;;Картины;GUINOT;40х50;Очень;https://static.tildacdn.com/stor6330-3364-4962-b437-613730643736/e312a143e2a7b1e441a545a7c226acb6.webp;2000.00;1;;;;1h7rnzZalRiY6bmdXJCY;;Оранжевый;0;0;0;0
748738711032;;51;;Картины;"Noctiluca. Цветение";А4;Очень;https://static.tildacdn.com/stor6462-3138-4265-b165-396539326661/d9bbe65cc2c7290c91162c4b404fd575.webp;2000.00;1;;;;921IZuRkhv3Y67Uu5B8C;;Красный;0;0;0;0
969962634102;;52;;Картины;Цунами;70х70;Очень;https://static.tildacdn.com/stor3936-6337-4836-a363-356337306632/9df908fbe0275e47bb5af88b1cc7ceaa.webp;2000.00;1;;;;bnu3m5cSoihOYxV10JGV;;Розовый;0;0;0;0
136885775102;;53;;Картины;"Гусь и стрекоза";А4;Очень;https://static.tildacdn.com/stor3438-6337-4832-a565-306264373330/dc23a8663673d40c8b312ef30f591cdb.webp;2000.00;1;;;;KkedbykLoDGaDt0rVCcY;;"Оранжевый;Голубой";0;0;0;0
716387297912;;54;;Картины;"Маршалловы острова";30х30;Очень;https://static.tildacdn.com/stor3865-3562-4165-a333-616334656237/4788257d7f6ac1f67a2d7d5b45642fab.webp;2000.00;1;;;;JzOVh8XnPBXP2r0mLjxn;;"Розовый;Голубой";0;0;0;0
463688009102;;55;;Картины;Прометей;30х30;Очень;https://static.tildacdn.com/stor6563-6262-4333-a265-396162353738/8e85fb464116070f7573cb5339de0877.webp;2000.00;1;;;;07HVob4sElrGOka3FxuJ;;Красный;0;0;0;0
226101681172;;56;;Картины;Сфинкс;30х30;Очень;https://static.tildacdn.com/stor3565-6233-4735-a662-633336356366/78843388b4a82e35a56629533d8af0d3.webp;2500.00;1;;;;tLJuaFPA0gm989bj9ZNc;;Синий;0;0;0;0
660654252772;;57;;Картины;"Розовый ламантин";30х30;Очень;https://static.tildacdn.com/stor6133-3364-4566-a462-393263646334/a1d07d71ca7c520fc0eea9b5001784ee.jpg;2500.00;1;;;;VEkr8u9lrz47oTOTb2z3;;"Розовый;Желтый";0;0;0;0
107137556422;;58;;Картины;"Крестная мать";40х40;Очень;https://static.tildacdn.com/stor6434-3262-4435-a131-663465376266/5a1cd5a12b3acc7a0b3a8444ea5eca55.webp;2500.00;1;;;;pkgVsUbk6tDPB0L1RgDl;;"Синий;Белый";0;0;0;0
698351856612;;59;;Картины;"Птицы. Что за глупый птенец...";А4;Очень;https://static.tildacdn.com/stor6663-3433-4336-b937-656161613261/fe938b059810385797b5ac84e02298c3.webp;2500.00;1;;;;iS9OdrLdFSKeZxlUetIe;;"Синий;Желтый";0;0;0;0
517231302222;;60;;Картины;"Ледяной дракон";А4;Очень;https://static.tildacdn.com/stor3135-3833-4565-b461-306464616135/2281a3b8a2ab660fa3945cf076ad6a7b.webp;2500.00;1;;;;jsN1U3DZ32LXgKniDK2X;;"Синий;Желтый";0;0;0;0
785652616512;;61;;Картины;Гелий;40х40;Очень;https://static.tildacdn.com/stor3631-3661-4139-b130-316634633631/8713637bfdc16fe6e63a56e47541f352.webp;2500.00;1;;;;POPkXmmHc8vYgyiZTinN;;Коричневый;0;0;0;0
409523260252;;63;;Картины;"Слизень Гоша наслаждается осенью 2014 года";30х30;Очень;https://static.tildacdn.com/stor3634-3031-4263-b363-353266313965/089e015c6ef60b5387fc5ab1a5ae9b23.webp;2500.00;1;;;;bIM0yFOPPTk4uJZZoGVN;;Коричневый;0;0;0;0
807279393032;;64;;Картины;"Синий подосиновик";50х70;Очень;https://static.tildacdn.com/stor3737-6533-4964-b235-633063353730/950128ec194f1c1dabed82972de82814.webp;2500.00;1;;;;HnasTBsIiE1rD30elt5G;;"Зеленый;Голубой";0;0;0;0
976147459452;;65;;Картины;"Малые Канарские острова. Ла Гомера";40х60;Очень;https://static.tildacdn.com/stor3538-3633-4261-a234-343134383232/48bb99b3336f1c5ea8a679048656f2fa.webp;2500.00;1;;;;ODTumJmabK69UHIhVkYy;;"Желтый;Белый";0;0;0;0
252306717452;;66;;Картины;"Малые Канарские острова. Ла Пальма";40х60;Очень;https://static.tildacdn.com/stor3262-6537-4564-b265-396438643030/f077565758954b8cfa3968ba9c42176a.webp;2500.00;1;;;;Oo7TLEdsxtCMhKzpBoUz;;"Оранжевый;Красный";0;0;0;0
652753217132;;67;;Картины;"Малые Канарские острова. Эль Йерро";40х60;Очень;https://static.tildacdn.com/stor6633-6331-4632-b333-316435346238/93300d76764f82cc5db4571ab479b442.webp;2500.00;1;;;;dOsuR0xEdLsZhlJVS1xP;;"Желтый;Фиолетовый";0;0;0;0
596763912912;;68;;Картины;"Из жизни рыб";40х40;Очень;https://static.tildacdn.com/stor3732-6161-4663-b438-396564643665/c48427de6db2628c649826a8438b05e5.webp;2500.00;1;;;;UL9ByOoL29mTJGM5mzYn;;"Красный;Зеленый";0;0;0;0
318698081592;;69;;Картины;"Мангуст Джеф любуется штормом на острове Мэн";50х70;Очень;https://static.tildacdn.com/stor6334-6466-4533-a633-363135613366/0f70eec3def01dca50a57962dc62b6c2.webp;2500.00;1;;;;3LEsZ7bEkNcfpJmglMAX;;Фиолетовый;0;0;0;0
514299636922;;80;;Картины;"Цветочный пинбол";60х90;Очень;https://static.tildacdn.com/stor3830-6531-4433-b563-633236626630/49b36fb57bf3e9f8eb157dfd822eb0fa.webp;2500.00;1;;;;7VAmkuDKB2N3Iumca0fZ;;Розовый;0;0;0;0
797454304192;;81;;Картины;"Лето в Арктике";60х40;Очень;;2500.00;1;;;;U4Z3LB3OSoMfR2zr96l6;;;0;0;0;0
712678929282;;82;;Картины;"Близкие во Вселенной — Луна";25х35;Очень;;2500.00;1;;;;GLXoHNirMYmvbslNj43g;;;0;0;0;0
380020097652;;83;;Картины;"Близкие во Вселенной — Марс";25х35;Очень;;2500.00;1;;;;kR25CUz7CJ2B71mu2Se4;;;0;0;0;0
850043967052;;84;;Картины;"Близкие во Вселенной — Венера";25х35;Очень;;2500.00;1;;;;UfM4OiSH4J6hpYhF7h05;;;0;0;0;0
280510846552;;85;;Картины;"Три дороги — две судьбы";50х30;Очень;;2500.00;1;;;;LkuVFJRFSAsd7z1mMGAr;;;0;0;0;0
646894214792;;86;;Картины;"Сокровища Агры";40х40;Очень;;2500.00;1;;;;ALmKf0H2lgOM1JH0NjTX;;;0;0;0;0
980971705742;;87;;Картины;"Вечерело... Утка осенью в большой цене";40х60;Очень;;2500.00;1;;;;zfaSYerRnDzGY4ViGZtI;;;0;0;0;0
884590907102;;88;;Картины;Данко;50х50;Очень;;2500.00;1;;;;57N8gNgkvdnInoPBUvnt;;;0;0;0;0
604330599862;;89;;Картины;"Что-то философское";40х40;Очень;;2500.00;1;;;;GoEl87ylB00AxF77fONd;;;0;0;0;0
795358949882;;90;;Картины;"Слэб родового древа";50х50;Очень;;2500.00;1;;;;kCHOESm8R4HFUamGZIrx;;;0;0;0;0
522102514332;;91;;Картины;"...я очутился в сумрачном лесу";40х40;Очень;;2500.00;1;;;;uthRl8eH56illJ78kP3l;;;0;0;0;0
347852835332;;92;;Картины;"Морской кот Фёдор покоряет мыс Доброй Надежды";20х40;Очень;;2500.00;1;;;;H9J2jXOEBrNHkR0IHdFy;;;0;0;0;0
893047671662;;93;;Картины;"Саламандры Атакуют";35х25;Очень;;2500.00;1;;;;l3JC4JntOYTraHxGJKAn;;;0;0;0;0
861855365582;;94;;Картины;"Сон кенгура Джека";40х40;Очень;;2500.00;1;;;;7LcyMZJ3o7oo7LDBx2eb;;;0;0;0;0
965459877762;;95;;Картины;Кот-молния;50х50;Очень;;2500.00;1;;;;Xc3kLOzesuTOGi4t6XP3;;;0;0;0;0
194909519342;;96;;Картины;"Месть художника";40х40;Очень;;2500.00;1;;;;2DOjvGcOtYEotxUjvS0z;;;0;0;0;0
863340522142;;97;;Картины;"Цвет настроения — Весна";30х30;Очень;;2500.00;1;;;;RFDY5d1HMbhoFf6BPBGt;;;0;0;0;0
142950673642;;98;;Картины;"Цвет настроения — Лето";30х30;Очень;;2500.00;1;;;;CAU9N56FDSBcfXRk3AtL;;;0;0;0;0
849838313822;;99;;Картины;"Цвет настроения — Зима";30х30;Очень;;2500.00;1;;;;6Xx1UIImGIhrZ3nzxl0M;;;0;0;0;0
190835830702;;100;;Картины;"Ночь на Ивана Купала";30х30;Очень;;2500.00;1;;;;EHCvs5j4jFNXfohFmyT0;;;0;0;0;0
642600050162;;101;;Картины;"Капли дождя на раскалённых скалах";40х40;Очень;;2500.00;1;;;;yi8KA01jjulsm42P9DXi;;;0;0;0;0
629499876652;;102;;Картины;Кошки-мышки;80х50;Очень;;2500.00;1;;;;CAn7RNV8bEsldpEyRX5f;;;0;0;0;0
363329045832;;103;;Картины;"Суэцкий канал. Средиземное море";50х100;Очень;;2500.00;1;;;;iryZEEutzLbS9mdP0rkh;;;0;0;0;0
926033629602;;104;;Картины;"Суэцкий канал. Красное море";50х100;Очень;;2500.00;1;;;;8OHA1a54MXZoT5UyLDkf;;;0;0;0;0
356704061392;;105;;Картины;"Солнечный тритон";40х40;Очень;;2500.00;1;;;;Gk88I20g17lJgRTIUXYZ;;;0;0;0;0
920596957972;;106;;Картины;"Вишня в шоколаде";40х40;Очень;;2500.00;1;;;;JALz7cEIOuHOOzVorTlZ;;;0;0;0;0
979158013092;;107;;Картины;Гидроразрыв;40х40;Очень;;2500.00;1;;;;BI3NoH5NZKxNoG6OEZjb;;;0;0;0;0
283425610672;;108;;Картины;"Антилопы Гну на водопое на далёкой планете";50х50;Очень;;2500.00;1;;;;MCP7fMot6AEjb6hyGiEB;;;0;0;0;0
455770383482;;109;;Картины;"Этюд №6";30х30;Очень;;2500.00;1;;;;9RxxAlcyHoc5iUe7bBv8;;;0;0;0;0
203953191092;;110;;Картины;"Из бабушкиного сундука 1";50х70;Очень;;2500.00;1;;;;p8O5TczvEPmsAizRc0Hl;;;0;0;0;0
652442088802;;111;;Картины;"Судьба корсара — золото и кровь";25х35;Очень;;2500.00;1;;;;VJsVhOrtF0et07ybh6xl;;;0;0;0;0
492762718972;;112;;Картины;"Из бабушкиного сундука 2";50х50;Очень;;2500.00;1;;;;EFUIudBeJLYps17yZgLU;;;0;0;0;0
977906300852;;113;;Картины;"Осьминог разбушевался";30х30;Очень;;2500.00;1;;;;SkTtYa5nuNV9JEJbIALK;;;0;0;0;0
336375031652;;114;;Картины;"Морской конёк на нересте";40х40;Очень;;2500.00;1;;;;rTAtZ7MHpBP2XzibPXl6;;;0;0;0;0
225336592932;;115;;Картины;"Этюд #7";25х35;Очень;;2500.00;1;;;;AJkmeUgc6JKaSdhRtSKv;;;0;0;0;0
829884226222;;116;;Картины;"Калима уходит";50х50;Очень;;2500.00;1;;;;yAFMi34Rn4PJRyU5lNn5;;;0;0;0;0
228267074852;;117;;Картины;"Жук типограф не дремлет...";30х30;Очень;;2500.00;1;;;;iBlEgLUpgdpjALEmvAyf;;;0;0;0;0
804074210352;;118;;Картины;Авиатор;40х40;Очень;;2500.00;1;;;;C0f14yKOtVOeY1p2NMcZ;;;0;0;0;0
124425798492;;119;;Картины;"Из бабушкиного сундука 3";50х50;Очень;;2500.00;1;;;;4tGvJL5PscGOl6oBpdEJ;;;0;0;0;0
959586658092;;120;;Картины;"Из бабушкиного сундука 4";50х50;Очень;;2500.00;1;;;;54ZMNMph3O7653nns343;;;0;0;0;0
477824383062;;121;;Картины;"Прыжок веры";40х90;Очень;;2500.00;1;;;;C7CygEoEFX1cPBdleH9H;;;0;0;0;0
531192932132;;R89;;Картины;"Что-то философское (ремастеринг)";40х40;Очень;;2500.00;1;;;;dyJOHrf9xiZbrntbFyTy;;;0;0;0;0
140540741212;;122;;Картины;"Этюд #8";25х35;Очень;;2500.00;1;;;;ZTDTtKnMTD2yByUMZGuX;;;0;0;0;0
301791455892;;123;;Картины;"Злой кролик запутался";40х90;Очень;;2500.00;1;;;;IX8PAJ9RtcGAFXoaI6nM;;;0;0;0;0
468146418252;;124;;Картины;"Сон кондитера";40х40;Очень;;2500.00;1;;;;T3g8h0ElfzoKdEXyUPOC;;;0;0;0;0
512410480202;;125;;Картины;"Этюд #9";35х25;Очень;;2500.00;1;;;;BCT4GpXfK5Ni5eGZ1Lmv;;;0;0;0;0
871020426882;;126;;Картины;"Происшествие на шоколадной фабрике";30х30;Очень;;2500.00;1;;;;GbIcuBhX7ifghumAcdVA;;;0;0;0;0
195100445592;;127;;Картины;"Памяти японской истории... NI — когда место неизвестно, время непонятно, а цель не ясна";50х50;Очень;;2500.00;1;;;;o1ykAuS42SG4Rp69DStb;;;0;0;0;0
963651041762;;128;;Картины;"Эволюция. Сплит-триптих";30х92;Очень;;2500.00;1;;;;op3VDHzINyFyKt4KurMB;;;0;0;0;0
725575077272;;129;;Картины;"Жеребьёвка из Золотой урны";70х50;Очень;;2500.00;1;;;;0EYSHmChJ0G6xZoN6Cdl;;;0;0;0;0
204262545352;;130;;Картины;"Золотая Лагуна";40х40;Очень;;2500.00;1;;;;V58TTcZKPzgJkRueyS8D;;;0;0;0;0
397627474862;;131;;Картины;"Глаз королевской красной змеи";40х40;Очень;;2500.00;1;;;;3oC8jvGafvuON57ROEr9;;;0;0;0;0
627649818202;;132;;Картины;"Gold Coast";65x55;Очень;;2500.00;1;;;;pBXHLBihit56zyGnD1CX;;;0;0;0;0
153916201312;;133;;Картины;"Атолл Сен-Франсуа — черепаший рай.";30х60;Очень;;2500.00;1;;;;bxuYz7hMTiGDlCgEkgML;;;0;0;0;0
401515343552;;134;;Картины;"Попутный газ";50х70;Очень;;2500.00;1;;;;fInmzZECIR3NBDXgFNNt;;;0;0;0;0
694507337052;;135;;Картины;"Цветочный дракон";30х60;Очень;;2500.00;1;;;;OVdIoFknrDu6C6a0nXac;;;0;0;0;0
925779645562;;136;;Картины;"По щучьему велению...";40х40;Очень;;2500.00;1;;;;vzZ5RXXuH9xaiFgLlDyU;;;0;0;0;0
854946117802;;137;;Картины;Феникс.Возрождение;50х50;Очень;;2500.00;1;;;;BT5yISn9PJMZMUKDDeL6;;;0;0;0;0
738935762032;;138;;Картины;"Этюд в чёрно-белых тонах";50х50;Очень;;2500.00;1;;;;5e500D65BNhDPdGYR1DE;;;0;0;0;0
354934601862;;139;;Картины;"Запасной аэродром для неопознанного летающего объекта";50х50;Очень;;2500.00;1;;;;oKks6YfPlh2OXe1XvOta;;;0;0;0;0
957779040242;;140;;Картины;"Слоны на водопое";40х40;Очень;;2500.00;1;;;;lakssu9PxnF4zkIoCkSb;;;0;0;0;0
917723396332;;141;;Картины;"Японский свадебный букет";30х90;Очень;;2500.00;1;;;;gtzivIx1zbo2GbmtalbB;;;0;0;0;0
833501524892;;142;;Картины;"Призрак оперы";40х40;Очень;;2500.00;1;;;;51lOo7H8s3OlEomZmgy0;;;0;0;0;0
707073931092;;143;;Картины;"Натюрморт с грузинским вкусом";50х50;Очень;;2500.00;1;;;;HUu6r7SMoMf1gCGD4ES7;;;0;0;0;0
622141029232;;144;;Картины;"Путь пчелы 1";30х30;Очень;;2500.00;1;;;;EtNXXSsY5OkpOJUFIGS3;;;0;0;0;0
242985084662;;145;;Картины;"Путь пчелы 2";30х30;Очень;;2500.00;1;;;;nDsURDmp64rmUsPATovv;;;0;0;0;0
402009617692;;146;;Картины;"Путь пчелы 3";30х30;Очень;;2500.00;1;;;;ZCVuCylFX4M7CmUURRtN;;;0;0;0;0
636850498222;;147;;Картины;"Удачный год дракона";40х40;Очень;;2500.00;1;;;;3uilfanOift3LaXchgRU;;;0;0;0;0
900139603322;;148;;Картины;"Посейдон — и будет шторм!";50х50;Очень;;2500.00;1;;;;nt34TR5YTMMstuGRnpTR;;;0;0;0;0
524106051272;;149;;Картины;"Император Антарктики";50х50;Очень;;2500.00;1;;;;fIhpFP9XN4cDedrL4bX8;;;0;0;0;0
555452246492;;150;;Картины;"Из жизни тритонов";105х45;Очень;;2500.00;1;;;;sHdF1vHz6IAGHzLPlaBv;;;0;0;0;0
556540026282;;151;;Картины;"Этюд #10";25х35;Очень;;2500.00;1;;;;3adUUchNr2Lj3GoHTh8o;;;0;0;0;0
863200420222;;152;;Картины;"Черепаха Галина уехала на Гавайи";30х30;Очень;;2500.00;1;;;;gDEV1s6v8sNmo7lB8zXe;;;0;0;0;0
673906696432;;154;;Картины;"Зимний байкал";46х65;Очень;;2500.00;1;;;;EfryfzUE8azPCSjtO9Ty;;;0;0;0;0
181225411942;;155;;Картины;"Этюд #11";A4;Очень;;2500.00;1;;;;yc0hoKrY7R8P9cCi70yT;;;0;0;0;0
928789868832;;156;;Картины;"Пещера нефритовых змей";50х150;Очень;;2500.00;1;;;;M8vCIBhyEDyhJPXZYuXT;;;0;0;0;0
296133432292;;157;;Картины;"Бронзовая птица";50х150;Очень;;2500.00;1;;;;fCses5y7MGPYDptHk5re;;;0;0;0;0
766860246382;;158;;Картины;"Floetrol (не подписано)";20х30;Очень;;2500.00;1;;;;j8XhyL5XhaJU3csmsA87;;;0;0;0;0
507845122302;;159;;Картины;"Pulgarcita del Norte";20х30;Очень;;2500.00;1;;;;3ndm9e2L1sUCdSEjJrbB;;;0;0;0;0
573125871632;;160;;Картины;"Tonina del sol";30x30;Очень;;2500.00;1;;;;C9grLkZ52IOXgCZHyLt5;;;0;0;0;0
880161529792;;161;;Картины;Двухвостка;70х70;Очень;;2500.00;1;;;;CHMorREXTItIgzPvCROi;;;0;0;0;0
522162073212;;162;;Картины;"Сорняк из высшего общества 1";20х60;Очень;;2500.00;1;;;;PoG9OSpiI7IGH315lvek;;;0;0;0;0
964067908882;;163;;Картины;"Сорняк из высшего общества 2";20х60;Очень;;2500.00;1;;;;P1SuUIDYPzgriGz7rKHS;;;0;0;0;0
335109630982;;164;;Картины;"Портрет мыслителя";30х40;Очень;;2500.00;1;;;;EdvmAUjf9BZjTI6xns9M;;;0;0;0;0
953323128482;;165;;Картины;Нежность;40х30;Очень;;2500.00;1;;;;45np1liIE28ScKtDsMzu;;;0;0;0;0
391141416312;;166;;Картины;"Arroz negro";35x25;Очень;;2500.00;1;;;;XuupBtTD2zszA56YrkNy;;;0;0;0;0
146308925042;;167;;Картины;"Плава Лагуна";20х60;Очень;;2500.00;1;;;;dNd52L7CAUCNxBAl6CUO;;;0;0;0;0
147519915612;;168;;Картины;"Верхом на волке";40х30;Очень;;2500.00;1;;;;OFAprTI1v80CEvE7pMev;;;0;0;0;0
821639014452;;169;;Картины;"Спектакль окончен...";30х60;Очень;;2500.00;1;;;;3I3dRMDv24YLlrDhmLHL;;;0;0;0;0
600571196772;;170;;Картины;"Очень дорогая бабочка";60х60;Очень;;2500.00;1;;;;Oxg3fSiSobVi1mio9s3K;;;0;0;0;0
318190452292;;171;;Картины;"Дом где живёт Каспер";30х30;Очень;;2500.00;1;;;;Ik6Zdf85hgD0F5mkOPb6;;;0;0;0;0
602747999132;;172;;Картины;"Броненосец в потёмках";30х40;Очень;;2500.00;1;;;;3pxI4OBh13faCPUyjsgP;;;0;0;0;0
246935930552;;173;;Картины;"В Африке рассвет";30х30;Очень;;2500.00;1;;;;JvooV53KUMTYFCSP9I3z;;;0;0;0;0
338020894102;;174;;Картины;Логово;50х50;Очень;;2500.00;1;;;;bs9FuuvBEMTdFAsXCVvj;;;0;0;0;0
344882640522;;175;;Картины;"Сезон трюфеля";40х100;Очень;;2500.00;1;;;;ggDYzHGiP7auvNGyGuES;;;0;0;0;0
134717466352;;176;;Картины;Непервоцвет;60х60;Очень;;2500.00;1;;;;AE4tVtdDaRHCVVEMdAoK;;;0;0;0;0
812531621122;;177;;Картины;"Color match";30x30;Очень;;2500.00;1;;;;2FD0ioFJg1OvGPkJOUuK;;;0;0;0;0
877543465852;;178;;Картины;"У нас все дома!";40х40;Очень;;2500.00;1;;;;Gvg1ukOg43fRKbpkcz35;;;0;0;0;0
278033966492;;179;;Картины;"КревеДко моей мечты";30х30;Очень;;2500.00;1;;;;kDbhFuxcP4Xy0UyhJGCH;;;0;0;0;0
683049794282;;180;;Картины;"Ворон ворону глаз не выклюет";40х40;Очень;;2500.00;1;;;;Ahyrg8ELEgfhh8jsuatX;;;0;0;0;0
398496080472;;181;;Картины;Каракулыч;35х25;Очень;;2500.00;1;;;;0HOoEuL1VNV73l2ugdUh;;;0;0;0;0
421069056062;;182;;Картины;"Шагреневая кожа";30х30;Очень;;2500.00;1;;;;yId0A1CkKGtO8aG1fsZt;;;0;0;0;0
603258422842;;183;;Картины;"Лоскутные пейзажи. Ушуая";50х50;Очень;;2500.00;1;;;;yGaZGYdGiHA1zMtMey2J;;;0;0;0;0
106782301652;;184;;Картины;"Лоскутные пейзажи. Прованс";50х50;Очень;;2500.00;1;;;;flEbs5syoZoGmh07n6U4;;;0;0;0;0
140139868162;;185;;Картины;"Лоскутные пейзажи. Ранняя весна на ладоге";50х50;Очень;;2500.00;1;;;;3jErZIvg0DryDOZodXxs;;;0;0;0;0
460138382762;;186;;Картины;Жар-птица;50х50;Очень;;2500.00;1;;;;bPcrgk2iN9KRl6FB32Ff;;;0;0;0;0
869369644562;;187;;Картины;"Этюд #12";25х35;Очень;;2500.00;1;;;;rSFd8SnFSG0AkhiG178i;;;0;0;0;0
598780437652;;188;;Картины;"Неси меня олень...";80х60;Очень;;2500.00;1;;;;tsTnxyU0dVRePGbokSJ8;;;0;0;0;0
407314328502;;189;;Картины;"Этюд #12.5";20х30;Очень;;2500.00;1;;;;FLz77HyOfDZ1yGxG7tIe;;;0;0;0;0
637766795332;;190;;Картины;"Эра тельца";80х60;Очень;;2500.00;1;;;;0SKJi1HUeBh5Y3xauAFu;;;0;0;0;0
504321613382;;191;;Картины;Луна-рыба;45х105;Очень;;2500.00;1;;;;GAsCXMZhvNIehy28CkO2;;;0;0;0;0
992778859192;;192;;Картины;"Маски сброшены";45х105;Очень;;2500.00;1;;;;2dfK5P3HOYkApYcR7KF4;;;0;0;0;0
694740824262;;193;;Картины;"Этюд #14-1";25х35;Очень;;2500.00;1;;;;9lCgTixF0LeIAeLyUv2N;;;0;0;0;0
986691389482;;194;;Картины;"Этюд #14-2";25х35;Очень;;2500.00;1;;;;kgGrBHRe1gCsfRrUzCM0;;;0;0;0;0
333013456182;;195;;Картины;"Медные столпы";25х36;Очень;;2500.00;1;;;;fcoCgA4chT2NAu0o1a7P;;;0;0;0;0
892940511912;;196;;Картины;"Узбекский мотив";25х35;Очень;;2500.00;1;;;;s8l0rOAS9pkSdoM8i6LT;;;0;0;0;0
575628589402;;197;;Картины;"Александрийский маяк";25х35;Очень;;2500.00;1;;;;x78fkAL9y8HTAh1iIzKU;;;0;0;0;0
564265960192;;198;;Картины;"Крабы на вече";25х35;Очень;;2500.00;1;;;;9no8xcJvSkahLvzVbpMj;;;0;0;0;0
847858039642;;199;;Картины;Оксана;25х35;Очень;;2500.00;1;;;;GM6HYIfLkVlXDAticpeE;;;0;0;0;0
444603631172;;200;;Картины;"Этюд #15-1";20х30;Очень;;2500.00;1;;;;F8aat6Hf3Sugn3jhlBED;;;0;0;0;0
888070953862;;201;;Картины;"Этюд #15-2";20х30;Очень;;2500.00;1;;;;GAVCm6RO5yaoXeL70iJu;;;0;0;0;0
425453760192;;202;;Картины;"Ход сардин";45х105;Очень;;2500.00;1;;;;cV9UgPbY8SFctuyL4Cpa;;;0;0;0;0
727626972292;;203;;Картины;Белка-Абориген;25х35;Очень;;2500.00;1;;;;jSR5YasDm52pO9EcR0Pf;;;0;0;0;0
924394741052;;204;;Картины;"Volcán Enmedio";30x90;Очень;;2500.00;1;;;;NLPVeonrbKHzs0sL85Pv;;;0;0;0;0
734131344682;;205;;Картины;Цветоворот;30х30;Очень;;2500.00;1;;;;gefnOJbOpgvHTOnL6i3g;;;0;0;0;0
195508977352;;207;;Картины;"Уральская рапсодия";46х61;Очень;;2500.00;1;;;;rhmY2D9VUtDjp8YIaENh;;;0;0;0;0
328879166252;;210;;Картины;"Тайна кащея";46х65;Очень;;2500.00;1;;;;UMvSP1jFXUznkDLBGpbb;;;0;0;0;0
101982605372;;211;;Картины;"Похищение Ники";60х60;Очень;;2500.00;1;;;;uJvHyKNomv7zrXJdcO3s;;;0;0;0;0
999324450422;;212;;Картины;"Гавайские кружева";30х60;Очень;;2500.00;1;;;;glJLL6XdESkkTU0uUBvE;;;0;0;0;0
433739674202;;213;;Картины;"Зебровая креветка";40х30;Очень;;2500.00;1;;;;z94f1gftyduT1UvRnC7J;;;0;0;0;0
145161598702;;214;;Картины;"Под знаком тельца";30х90;Очень;;2500.00;1;;;;k53zfoFGGSaUcmij0pnN;;;0;0;0;0
601658912582;;215;;Картины;"День космонавтики";30х40;Очень;;2500.00;1;;;;BpTdLs8yfljprzCDGD6s;;;0;0;0;0
824448194022;;216;;Картины;"Разошлись как в море...";120х60;Очень;;2500.00;1;;;;jPxKY7IORVtFXJuOl3IF;;;0;0;0;0
363052855742;;217;;Картины;"Битва при гранике";60х60;Очень;;2500.00;1;;;;prEpzSPGshrMUTd8sAny;;;0;0;0;0
712954018032;;218;;Картины;"Черепаха Кураж";65х54;Очень;;2500.00;1;;;;jiOTTigDYere17KKHed8;;;0;0;0;0
473838413702;;219;;Картины;Гепардоворот;30х30;Очень;;2500.00;1;;;;JyC2S7CHZPAZohleKm60;;;0;0;0;0
992006576802;;220;;Картины;"Морской леопард";50х50;Очень;;2500.00;1;;;;zsEdoY4EZMNJ1fJDVe5Y;;;0;0;0;0
134445769342;;221;;Картины;"Flor de piedra";90x90;Очень;;2500.00;1;;;;508ieknNuZGjuOg5RCgU;;;0;0;0;0
663439322142;;222;;Картины;"The house of bees";65x81;Очень;;2500.00;1;;;;AF0e3RBj0li3NVaRAgx3;;;0;0;0;0
579707577812;;224;;Картины;"Arroz negro";25x35;Очень;;2500.00;1;;;;xuJrnHYEjXzxuPsXr6rh;;;0;0;0;0
574761868622;;226;;Картины;"Жители позднего плиоцена";40х40;Очень;;2500.00;1;;;;2vvEZkmE56kCBKzZzAYl;;;0;0;0;0
312310010512;;229;;Картины;"Болдинская осень";50х50;Очень;;2500.00;1;;;;BcCcNrvSnbb53poz3uFs;;;0;0;0;0
644991947242;;230;;Картины;"Vamos a Samana";30x30;Очень;;2500.00;1;;;;NOEvRu0JSiSy7NkMZblC;;;0;0;0;0
260610563212;;231;;Картины;"Розовый бронтозавр";45х105;Очень;;2500.00;1;;;;FkUo2gN0ly0E1Sh4use4;;;0;0;0;0
774819964192;;232;;Картины;"Сон кита";35х25;Очень;;2500.00;1;;;;GJvOld3plF5Unoe6I7s0;;;0;0;0;0
734691276792;;234;;Картины;"Тайны морских глубин";60х90;Очень;;2500.00;1;;;;Xet4Im30tvjhvhbEfcgu;;;0;0;0;0
857830811162;;235;;Картины;"Ледяные пещеры Энцелада";90х60;Очень;;2500.00;1;;;;FSaxAGigBDZ3BRC2CdyH;;;0;0;0;0
251945823222;;236;;Картины;"Логово муравьеда";50х50;Очень;;2500.00;1;;;;UhDVK7GAJaB32jd0pld0;;;0;0;0;0
448382000312;;237;;Картины;"Вулкан Кумбре-Вьеха";90х60;Очень;;2500.00;1;;;;FRC7t8eyvNp14eloZIS7;;;0;0;0;0
383289446582;;238;;Картины;"Кто сказал мяу?";40х40;Очень;;2500.00;1;;;;5cF9lvgAlh8dBIAKeabx;;;0;0;0;0
594527103862;;239;;Картины;"Новая Зеландия";30х30;Очень;;2500.00;1;;;;OUjYOPionNt6EsfalfHM;;;0;0;0;0
420411966282;;240;;Картины;"Тайланд. Птица и Змея";60х30;Очень;;2500.00;1;;;;13VnvmelsAcs0pcG1l7B;;;0;0;0;0
394148604772;;241;;Картины;"Тайланд. Настроение";30х60;Очень;;2500.00;1;;;;GPmlZGI6rjdrG38H93SC;;;0;0;0;0
923730413902;;242;;Картины;Метель;35х25;Очень;;2500.00;1;;;;lOmKDa9OMhPpff4O6J7i;;;0;0;0;0
258701805662;;243;;Картины;"Манта и ее внутренний мир";50х50;Очень;;2500.00;1;;;;M8H9YrFMmj3cuD2rYLfg;;;0;0;0;0
278680523122;;244;;Картины;"Из жизни ентов";35х25;Очень;;2500.00;1;;;;IUDnr5uiZ3lbk8xtK6eH;;;0;0;0;0
338324125462;;245;;Картины;Оберег;30х60;Очень;;2500.00;1;;;;kgx8JsHPa7jrTKjsN1eZ;;;0;0;0;0
791128626922;;246;;Картины;"Мудрый баобаб";70х100;Очень;;2500.00;1;;;;bfONcZoO5VvJM24LEobu;;;0;0;0;0
607512423982;;247;;Картины;"Снежный краб";50х50;Очень;;2500.00;1;;;;cAHgYMB5mnOVdSpvMl9g;;;0;0;0;0
737232041562;;248;;Картины;"Китайский Новый Год";70х100;Очень;;2500.00;1;;;;vsBsUJMJ3ZM5X8LmDzVx;;;0;0;0;0
291346670562;;249;;Картины;Карп;40х40;Очень;;2500.00;1;;;;blNGaVz1llD8soxDcg6G;;;0;0;0;0
894449365782;;250;;Картины;"Вспышка ярости";160х60;Очень;;2500.00;1;;;;aztjJHYn1Gx7ys4PyLkh;;;0;0;0;0
362066076732;;251;;Картины;"Аисты прилетели";42х80;Очень;;2500.00;1;;;;mdvkh3gygaxYRIHgVzag;;;0;0;0;0
673692335472;;252;;Картины;"Анчар набирает силу";39х39;Очень;;2500.00;1;;;;naHkrd2gYi3YyecIKx5x;;;0;0;0;0
613634921862;;253;;Картины;Ватерлиния;60х90;Очень;;2500.00;1;;;;UGfVkueBN1BvCCfI1Gjg;;;0;0;0;0
820078813352;;254;;Картины;"Логово осьминога";40х40;Очень;;2500.00;1;;;;JKzx25mDicB4Hstmo5gd;;;0;0;0;0
599589386452;;255;;Картины;Сейшелы;30х60;Очень;;2500.00;1;;;;J8IFT8AptKDgmB57YKrl;;;0;0;0;0
211569007002;;256;;Картины;"Голубиная почта";42х80;Очень;;2500.00;1;;;;nmZjBAOamsj6ie55L985;;;0;0;0;0
600300495782;;257;;Картины;Галапагосы;20х30;Очень;;2500.00;1;;;;dr9XdGFkpHDxyCyuP3p2;;;0;0;0;0
825359720132;;258;;Картины;"Флора 1";20х30;Очень;;2500.00;1;;;;bJOPdV8TMOJaDXehUEE6;;;0;0;0;0
910963092122;;259;;Картины;"Фауна 1";20х30;Очень;;2500.00;1;;;;RO88E3oVSxG1RJ2Mlftu;;;0;0;0;0
105764603032;;260;;Картины;"Мимолётные встречи";20х30;Очень;;2500.00;1;;;;BRTfnf98UXd7GtaEGzX3;;;0;0;0;0
268430496032;;261;;Картины;"СПб — Весна";20х30;Очень;;2500.00;1;;;;A3EGJYPxnU98uvKAVApv;;;0;0;0;0
697033060342;;262;;Картины;"СПб — Осень";20х30;Очень;;2500.00;1;;;;chrJfEbsji33kv6ssSVT;;;0;0;0;0
237677051552;;263;;Картины;"Флора 2";20х30;Очень;;2500.00;1;;;;LnNuA74JDH6PAlRTXs54;;;0;0;0;0
870157196042;;264;;Картины;Василёк;20х30;Очень;;2500.00;1;;;;mfxmbA37ZRHAHPhhfRhs;;;0;0;0;0
547630016802;;265;;Картины;"Флора 3";20х30;Очень;;2500.00;1;;;;G5ltGlARBp3UPkYjO0eH;;;0;0;0;0
601042024692;;266;;Картины;"Флора 4";20х30;Очень;;2500.00;1;;;;4zoV8gpdKuxMRioBeDCE;;;0;0;0;0
468567544412;;267;;Картины;"Флора 5";20х30;Очень;;2500.00;1;;;;8BRsNSMUgZ2O51AOpIk0;;;0;0;0;0
380988345802;;268;;Картины;"Самсон... начало...";20х30;Очень;;2500.00;1;;;;0U3fGuTYirIN8Rj3IFgV;;;0;0;0;0
126212919262;;269;;Картины;"Чёрная акула";100х70;Очень;;2500.00;1;;;;0xN4s8HBdFaofgUEV9Dv;;;0;0;0;0
913488773872;;270;;Картины;"Лоскутные пейзажи. Куала-Лумпур";60х60;Очень;;2500.00;1;;;;7jS401lhaJPYIpBhvCzk;;;0;0;0;0
300442880232;;271;;Картины;"Кровь Иуды 1";20х30;Очень;;2500.00;1;;;;6kDM2vbjdPXOSVXIfvem;;;0;0;0;0
874015452702;;272;;Картины;"Кровь Иуды 2";20х30;Очень;;2500.00;1;;;;zdCKoIlBuDxaGoTTZ8P6;;;0;0;0;0
389457232112;;273;;Картины;"Кровь Иуды 3";20х30;Очень;;2500.00;1;;;;FrFBcViXrLLhx1Biro8s;;;0;0;0;0
906030968402;;274;;Картины;"Флора 6";20х30;Очень;;2500.00;1;;;;1Nr9K8DsyISs6ZVFJnbY;;;0;0;0;0
528890821132;;275;;Картины;"Фауна 2";20х30;Очень;;2500.00;1;;;;o3ZNNKGZR6mjnZsRr4af;;;0;0;0;0
545290198902;;276;;Картины;"Которская бухта";70х70;Очень;;2500.00;1;;;;mDU6EovUydhMDaP3e1Ky;;;0;0;0;0
817382556722;;277;;Картины;"МИРОвоззрение на МУНКа";60x90;Очень;;2500.00;1;;;;Md3vM9ZiNNcLoa5jg6SH;;;0;0;0;0
347412010762;;278;;Картины;"Башня Саурона";70х100;Очень;;2500.00;1;;;;zHg6K3X4I3poENI5xF87;;;0;0;0;0
144992733922;;279;;Картины;"Гансай 1";20х30;Очень;;2500.00;1;;;;MCFr9UN6o9YL6UcYfmPk;;;0;0;0;0
967577705532;;280;;Картины;"Гансай 2";20х30;Очень;;2500.00;1;;;;XeUSXH0ahOMs85hZCn0H;;;0;0;0;0
703760410732;;281;;Картины;"Гансай 3";20х30;Очень;;2500.00;1;;;;PLcO3guXyioK4GjF7Nb6;;;0;0;0;0
433560491562;;282;;Картины;"Золотой соловей";70х100;Очень;;2500.00;1;;;;0NX5HmLJhzVckGLn0a1p;;;0;0;0;0
539115200912;;283;;Картины;"Гансай 4";20х30;Очень;;2500.00;1;;;;EJIy8L0ya5jAG6yePjVT;;;0;0;0;0
974632927722;;284;;Картины;"Гансай 5";20х30;Очень;;2500.00;1;;;;kRVK3YAY8SnxoL9cbXeb;;;0;0;0;0
592689443122;;285;;Картины;"Гансай 6";20х30;Очень;;2500.00;1;;;;yT8Ae19JSFxM9btUaVde;;;0;0;0;0
117027985712;;286;;Картины;"Гансай 7";20х30;Очень;;2500.00;1;;;;LZzekPercMJFvdxh3KIG;;;0;0;0;0
228379474292;;287;;Картины;"Гансай 8";20х30;Очень;;2500.00;1;;;;lCav8ljdCP0i7f8G9lBU;;;0;0;0;0
483666469402;;288;;Картины;"Схема пришельца";40х120;Очень;;2500.00;1;;;;CL3Lc4VJlsARgTA6Mvro;;;0;0;0;0
229200275392;;289;;Картины;"Смена парадигмы 1";30х150;Очень;;2500.00;1;;;;eoc2C4T37VDgYbhHHVcs;;;0;0;0;0
223092020132;;290;;Картины;"Смена парадигмы 2";30х150;Очень;;2500.00;1;;;;VoinfcERD4jXMs4yL7x9;;;0;0;0;0
200901171182;;291;;Картины;"Смена парадигмы 3";30х150;Очень;;2500.00;1;;;;uS1hYTSDZRSxEV1JiYUp;;;0;0;0;0
748416930102;;293;;Картины;"Актуальный Инь";30х60;Очень;;2500.00;1;;;;pCauigBUePdof3mUVT98;;;0;0;0;0
488808664172;;294;;Картины;"Актуальный Ян";30х60;Очень;;2500.00;1;;;;sclhVjofn8T14xm3GDAl;;;0;0;0;0
545787774682;;295;;Картины;"Лоскутные пейзажи. Буря в Австралии";50х50;Очень;;2500.00;1;;;;yPbcAAec7RRDRrhgMSKD;;;0;0;0;0
951068617972;;296;;Картины;"Пекинская утка в стиле поп-арт";70х105;Очень;;2500.00;1;;;;Z4c3Rm40DhpTLGntLhib;;;0;0;0;0
396274074222;;297;;Картины;Танго;70х105;Очень;;2500.00;1;;;;c9lsnZnok7kynILFEPkN;;;0;0;0;0
598221738692;;298;;Картины;"Змей Горыныч. Рождение";60х60;Очень;;2500.00;1;;;;C9FpkM0aHmb4iPyGmvb1;;;0;0;0;0
444974786042;;299;;Картины;"Гансай 9";20х30;Очень;;2500.00;1;;;;RhmMYuuLhlIaITUV9zu2;;;0;0;0;0
497768468672;;300;;Картины;Маяковский;70х70;Очень;;2500.00;1;;;;spPJ7ODN049a4C8UyOEr;;;0;0;0;0
187786064882;;301;;Картины;"Гансай 10";20х30;Очень;;2500.00;1;;;;vHB25HoC1ZIsguJtVhZC;;;0;0;0;0
328108463862;;302;;Картины;"Облако в штанах. Долой вашу любовь";20х30;Очень;;2500.00;1;;;;tmFR6b7b0SzLD3FtbsTI;;;0;0;0;0
115410252912;;303;;Картины;"Облако в штанах. Долой ваше искусство";20х30;Очень;;2500.00;1;;;;eb0n6kEKLmGbVt3S5BMi;;;0;0;0;0
536315522752;;304;;Картины;"Облако в штанах. Долой ваш строй";20х30;Очень;;2500.00;1;;;;uNVFmTbjyhftjsNcDJvu;;;0;0;0;0
799095318672;;305;;Картины;"Облако в штанах. Долой вашу религию";20х30;Очень;;2500.00;1;;;;NYPPPNeOykeSt9mGftNF;;;0;0;0;0
